city,month,impressions
Agartala,2025-02,237
Agartala,2025-03,88
Agartala,2025-04,60
Agartala,2025-05,72
Agartala,2025-06,109
Agartala,2025-07,87
Agartala,2025-08,77
Agartala,2025-09,54
Agartala,2025-10,74
Agartala,2026-02,74
Agartala,2026-04,72
Agartala,2026-05,104
Agra,2025-02,857
Agra,2025-03,1211
Agra,2025-04,1429
Agra,2025-05,1588
Agra,2025-06,1453
Agra,2025-07,1448
Agra,2025-08,1457
Agra,2025-09,1151
Agra,2025-10,1382
Agra,2025-11,1273
Agra,2025-12,1529
Agra,2026-01,1606
Agra,2026-02,1516
Agra,2026-03,1558
Agra,2026-04,1414
Agra,2026-05,1662
Ahmedabad,2025-02,8714
Ahmedabad,2025-03,9887
Ahmedabad,2025-04,9660
Ahmedabad,2025-05,10424
Ahmedabad,2025-06,10468
Ahmedabad,2025-07,11063
Ahmedabad,2025-08,10898
Ahmedabad,2025-09,11161
Ahmedabad,2025-10,13333
Ahmedabad,2025-11,12742
Ahmedabad,2025-12,14356
Ahmedabad,2026-01,14543
Ahmedabad,2026-02,13724
Ahmedabad,2026-03,17228
Ahmedabad,2026-04,16883
Ahmedabad,2026-05,16389
Aligarh,2025-02,97
Aligarh,2025-04,99
Aligarh,2025-05,165
Aligarh,2025-06,215
Aligarh,2025-07,211
Aligarh,2025-08,116
Aligarh,2025-09,141
Aligarh,2025-10,154
Aligarh,2025-11,110
Aligarh,2025-12,112
Allahabad,2026-01,73
Allahabad,2026-02,101
Ambala,2025-05,90
Amravati,2025-02,82
Amravati,2025-03,122
Amravati,2025-04,104
Amravati,2025-05,209
Amravati,2025-06,126
Amravati,2025-07,140
Amravati,2025-08,93
Amravati,2025-09,80
Amravati,2025-10,73
Amravati,2025-12,66
Amritsar,2025-02,139
Amritsar,2025-03,178
Amritsar,2025-04,171
Amritsar,2025-05,109
Amritsar,2025-06,137
Amritsar,2025-07,256
Amritsar,2025-08,216
Amritsar,2025-09,122
Amritsar,2025-10,127
Amritsar,2026-05,92
Anand,2025-04,298
Anand,2025-05,172
Anand,2025-06,162
Anand,2025-07,322
Anand,2025-08,300
Anand,2025-09,251
Anand,2025-10,263
Anand,2025-11,235
Anand,2025-12,216
Anand,2026-01,223
Anand,2026-02,107
Aurangabad,2025-02,290
Aurangabad,2025-03,346
Aurangabad,2025-04,387
Aurangabad,2025-05,447
Aurangabad,2025-06,457
Aurangabad,2025-07,609
Aurangabad,2025-08,414
Aurangabad,2025-09,351
Aurangabad,2025-10,439
Aurangabad,2025-11,511
Aurangabad,2025-12,523
Aurangabad,2026-01,501
Aurangabad,2026-02,532
Aurangabad,2026-03,537
Aurangabad,2026-04,179
Aurangabad,2026-05,638
Bachupally,2025-02,463
Bachupally,2025-03,668
Bachupally,2025-04,629
Bachupally,2025-05,670
Bachupally,2025-06,656
Bachupally,2025-07,609
Bachupally,2025-08,475
Bachupally,2025-09,443
Bachupally,2025-10,587
Bachupally,2025-11,661
Bachupally,2025-12,676
Bachupally,2026-01,680
Bachupally,2026-02,679
Bachupally,2026-03,513
Bachupally,2026-04,707
Bachupally,2026-05,604
Bangalore,2025-02,7316
Bangalore,2025-03,9286
Bangalore,2025-04,8778
Bangalore,2025-05,9253
Bangalore,2025-06,9155
Bangalore,2025-07,9671
Bangalore,2025-08,10247
Bangalore,2025-09,9852
Bangalore,2025-10,10748
Bangalore,2025-11,10168
Bangalore,2025-12,11413
Bangalore,2026-01,12182
Bangalore,2026-02,11513
Bangalore,2026-03,13993
Bangalore,2026-04,13989
Bangalore,2026-05,13371
Bareilly,2025-02,211
Bareilly,2025-03,176
Bareilly,2025-04,191
Bareilly,2025-05,223
Bareilly,2025-06,207
Bareilly,2025-07,238
Bareilly,2025-08,198
Bareilly,2025-09,169
Bareilly,2025-11,92
Bareilly,2025-12,288
Bareilly,2026-02,92
Bareilly,2026-05,128
Belgaum,2025-04,86
Belgaum,2025-05,110
Belgaum,2025-06,118
Belgaum,2025-07,114
Belgaum,2025-08,141
Belgaum,2025-09,83
Belgaum,2025-10,115
Belgaum,2025-11,65
Belgaum,2025-12,105
Belgaum,2026-01,77
Belgaum,2026-03,106
Belgaum,2026-04,158
Belgaum,2026-05,281
Bellahalli,2026-04,272
Bengaluru,2025-02,58
Bengaluru,2025-04,66
Bengaluru,2025-05,106
Bengaluru,2025-06,114
Bengaluru,2025-07,108
Bengaluru,2025-08,107
Bengaluru,2025-09,80
Bengaluru,2025-10,78
Bengaluru,2025-11,70
Bengaluru,2025-12,101
Bengaluru,2026-03,133
Bengaluru,2026-05,152
Bhavnagar,2025-03,166
Bhavnagar,2025-04,184
Bhavnagar,2025-05,218
Bhavnagar,2025-06,200
Bhavnagar,2025-07,168
Bhavnagar,2025-08,110
Bhavnagar,2025-09,135
Bhavnagar,2025-11,128
Bhopal,2025-02,754
Bhopal,2025-03,991
Bhopal,2025-04,996
Bhopal,2025-05,1343
Bhopal,2025-06,1281
Bhopal,2025-07,1636
Bhopal,2025-08,1327
Bhopal,2025-09,1405
Bhopal,2025-10,1400
Bhopal,2025-11,1233
Bhopal,2025-12,1583
Bhopal,2026-01,1922
Bhopal,2026-02,1720
Bhopal,2026-03,1684
Bhopal,2026-04,1665
Bhopal,2026-05,2045
Bhubaneswar,2025-02,151
Bhubaneswar,2025-03,130
Bhubaneswar,2025-04,267
Bhubaneswar,2025-05,354
Bhubaneswar,2025-06,326
Bhubaneswar,2025-07,305
Bhubaneswar,2025-08,274
Bhubaneswar,2025-09,399
Bhubaneswar,2025-10,495
Bhubaneswar,2025-11,245
Bhubaneswar,2025-12,658
Bhubaneswar,2026-01,485
Bhubaneswar,2026-02,446
Bhubaneswar,2026-03,290
Bhubaneswar,2026-04,583
Bhubaneswar,2026-05,786
Chandigarh,2025-02,1381
Chandigarh,2025-03,1543
Chandigarh,2025-04,1517
Chandigarh,2025-05,1859
Chandigarh,2025-06,1689
Chandigarh,2025-07,2092
Chandigarh,2025-08,2144
Chandigarh,2025-09,2011
Chandigarh,2025-10,2224
Chandigarh,2025-11,2542
Chandigarh,2025-12,3475
Chandigarh,2026-01,3571
Chandigarh,2026-02,3258
Chandigarh,2026-03,3584
Chandigarh,2026-04,3425
Chandigarh,2026-05,3272
Chennai,2025-02,5620
Chennai,2025-03,7046
Chennai,2025-04,6941
Chennai,2025-05,7548
Chennai,2025-06,7681
Chennai,2025-07,7208
Chennai,2025-08,6653
Chennai,2025-09,6324
Chennai,2025-10,7658
Chennai,2025-11,8327
Chennai,2025-12,10700
Chennai,2026-01,11066
Chennai,2026-02,9905
Chennai,2026-03,11318
Chennai,2026-04,11694
Chennai,2026-05,11667
Coimbatore,2025-02,4416
Coimbatore,2025-03,5259
Coimbatore,2025-04,5280
Coimbatore,2025-05,4905
Coimbatore,2025-06,5067
Coimbatore,2025-07,4996
Coimbatore,2025-08,4577
Coimbatore,2025-09,4297
Coimbatore,2025-10,4992
Coimbatore,2025-11,5073
Coimbatore,2025-12,5339
Coimbatore,2026-01,5913
Coimbatore,2026-02,5135
Coimbatore,2026-03,6094
Coimbatore,2026-04,6354
Coimbatore,2026-05,5886
Dehradun,2025-02,619
Dehradun,2025-03,860
Dehradun,2025-04,969
Dehradun,2025-05,877
Dehradun,2025-06,1395
Dehradun,2025-07,1371
Dehradun,2025-08,1096
Dehradun,2025-09,1112
Dehradun,2025-10,990
Dehradun,2025-11,779
Dehradun,2025-12,881
Dehradun,2026-01,1279
Dehradun,2026-02,1174
Dehradun,2026-03,1516
Dehradun,2026-04,1639
Dehradun,2026-05,1583
Delhi,2025-02,3936
Delhi,2025-03,4674
Delhi,2025-04,4276
Delhi,2025-05,5341
Delhi,2025-06,5108
Delhi,2025-07,8436
Delhi,2025-08,5498
Delhi,2025-09,4627
Delhi,2025-10,4953
Delhi,2025-11,5438
Delhi,2025-12,6837
Delhi,2026-01,7481
Delhi,2026-02,7767
Delhi,2026-03,9527
Delhi,2026-04,10609
Delhi,2026-05,11030
Delhi Ncr,2025-03,37
Delhi Ncr,2025-04,127
Delhi Ncr,2025-05,91
Delhi Ncr,2025-06,103
Delhi Ncr,2025-07,174
Delhi Ncr,2025-08,234
Delhi Ncr,2025-09,202
Delhi Ncr,2025-10,336
Delhi Ncr,2025-11,265
Delhi Ncr,2025-12,242
Delhi Ncr,2026-01,337
Delhi Ncr,2026-02,292
Delhi Ncr,2026-03,435
Delhi Ncr,2026-04,393
Delhi Ncr,2026-05,510
Dhanbad,2025-04,105
Dhanbad,2025-07,136
Dhanbad,2025-08,106
Dhanbad,2025-09,111
Dhanbad,2025-10,114
Dhanbad,2025-11,97
Dhanbad,2025-12,216
Dhanbad,2026-01,156
Dhanbad,2026-04,84
Dhanbad,2026-05,147
Dombivli,2025-02,171
Dombivli,2025-03,290
Dombivli,2025-04,342
Dombivli,2025-05,382
Dombivli,2025-06,351
Dombivli,2025-07,498
Dombivli,2025-08,367
Dombivli,2025-09,452
Dombivli,2025-10,308
Dombivli,2025-11,599
Dombivli,2025-12,340
Dombivli,2026-01,367
Dombivli,2026-02,363
Dombivli,2026-03,520
Dombivli,2026-04,512
Dombivli,2026-05,469
Erode,2025-02,123
Erode,2025-03,96
Erode,2025-11,107
Faridabad,2025-02,851
Faridabad,2025-03,903
Faridabad,2025-04,911
Faridabad,2025-05,1235
Faridabad,2025-06,1543
Faridabad,2025-07,1533
Faridabad,2025-08,1365
Faridabad,2025-09,1380
Faridabad,2025-10,1379
Faridabad,2025-11,1284
Faridabad,2025-12,1573
Faridabad,2026-01,1828
Faridabad,2026-02,1394
Faridabad,2026-03,1740
Faridabad,2026-04,1732
Faridabad,2026-05,2046
Gandhinagar,2025-02,185
Gandhinagar,2025-03,261
Gandhinagar,2025-04,243
Gandhinagar,2025-05,258
Gandhinagar,2025-06,280
Gandhinagar,2025-07,276
Gandhinagar,2025-08,186
Gandhinagar,2025-09,161
Gandhinagar,2025-11,280
Ghaziabad,2025-02,587
Ghaziabad,2025-03,701
Ghaziabad,2025-04,730
Ghaziabad,2025-05,794
Ghaziabad,2025-06,632
Ghaziabad,2025-07,672
Ghaziabad,2025-08,587
Ghaziabad,2025-09,646
Ghaziabad,2025-10,734
Ghaziabad,2025-11,793
Ghaziabad,2025-12,876
Ghaziabad,2026-01,1323
Ghaziabad,2026-02,1088
Ghaziabad,2026-03,1341
Ghaziabad,2026-04,1595
Ghaziabad,2026-05,1452
Goa,2025-03,235
Goa,2025-04,233
Goa,2025-05,285
Goa,2025-06,480
Goa,2025-07,379
Goa,2025-08,293
Goa,2025-09,337
Goa,2025-10,239
Goa,2025-11,192
Goa,2025-12,244
Goa,2026-01,314
Goa,2026-02,287
Goa,2026-03,240
Goa,2026-04,573
Goa,2026-05,526
Gorakhpur,2025-02,150
Gorakhpur,2025-03,205
Gorakhpur,2025-04,199
Gorakhpur,2025-05,189
Gorakhpur,2025-06,191
Gorakhpur,2025-07,207
Gorakhpur,2025-08,281
Gorakhpur,2025-09,224
Gorakhpur,2025-10,211
Gorakhpur,2025-11,252
Gorakhpur,2025-12,443
Gorakhpur,2026-01,429
Gorakhpur,2026-02,317
Gorakhpur,2026-03,175
Gorakhpur,2026-04,191
Gorakhpur,2026-05,407
Goregaon,2025-02,336
Goregaon,2025-03,366
Goregaon,2025-04,334
Goregaon,2025-05,398
Goregaon,2025-06,565
Goregaon,2025-07,445
Goregaon,2025-09,325
Goregaon,2025-10,443
Goregaon,2025-11,470
Goregaon,2025-12,484
Goregaon,2026-01,585
Goregaon,2026-02,473
Goregaon,2026-03,519
Goregaon,2026-04,487
Goregaon,2026-05,411
Greater Noida,2025-11,92
Greater Noida,2026-04,134
Gujarat,2025-02,92
Gujarat,2025-03,83
Gujarat,2025-04,70
Gujarat,2025-09,82
Gujarat,2025-10,93
Gujarat,2025-11,118
Gujarat,2026-01,85
Gujarat,2026-02,123
Gujarat,2026-05,117
Gulbarga,2025-04,78
Gulbarga,2025-08,114
Gulbarga,2025-09,88
Gulbarga,2025-10,138
Gulbarga,2025-11,87
Gulbarga,2025-12,88
Gulbarga,2026-01,94
Gulbarga,2026-02,69
Guntur,2025-02,56
Guntur,2025-05,113
Guntur,2025-06,96
Guntur,2025-08,93
Guntur,2025-09,85
Guntur,2026-05,124
Gurgaon,2025-02,3839
Gurgaon,2025-03,3845
Gurgaon,2025-04,3219
Gurgaon,2025-05,3063
Gurgaon,2025-06,3713
Gurgaon,2025-07,4126
Gurgaon,2025-08,3187
Gurgaon,2025-09,3083
Gurgaon,2025-10,4020
Gurgaon,2025-11,3068
Gurgaon,2025-12,4685
Gurgaon,2026-01,4313
Gurgaon,2026-02,4013
Gurgaon,2026-03,5002
Gurgaon,2026-04,5189
Gurgaon,2026-05,4675
Gurugram,2025-11,235
Gurugram,2025-12,161
Gurugram,2026-01,114
Guwahati,2025-02,162
Guwahati,2025-03,231
Guwahati,2025-04,238
Guwahati,2025-05,361
Guwahati,2025-06,364
Guwahati,2025-07,370
Guwahati,2025-08,246
Guwahati,2025-09,199
Guwahati,2025-10,273
Guwahati,2025-11,258
Guwahati,2025-12,190
Guwahati,2026-01,281
Guwahati,2026-02,205
Guwahati,2026-03,267
Guwahati,2026-04,369
Guwahati,2026-05,724
Gwalior,2025-02,313
Gwalior,2025-03,288
Gwalior,2025-04,252
Gwalior,2025-05,339
Gwalior,2025-06,347
Gwalior,2025-07,348
Gwalior,2025-08,253
Gwalior,2025-09,217
Gwalior,2025-10,252
Gwalior,2025-11,430
Gwalior,2025-12,621
Gwalior,2026-01,783
Gwalior,2026-02,556
Gwalior,2026-03,535
Gwalior,2026-04,496
Gwalior,2026-05,684
Haridwar,2025-04,86
Haridwar,2025-05,91
Haridwar,2025-06,135
Hisar,2025-06,257
Hubli,2025-02,133
Hubli,2025-03,202
Hubli,2025-04,252
Hubli,2025-05,265
Hubli,2025-06,233
Hubli,2025-07,222
Hubli,2025-08,250
Hubli,2025-09,181
Hubli,2025-10,241
Hubli,2025-11,185
Hubli,2025-12,201
Hubli,2026-01,221
Hubli,2026-02,182
Hubli,2026-03,263
Hubli,2026-04,249
Hubli,2026-05,449
Hyderabad,2025-02,4672
Hyderabad,2025-03,5582
Hyderabad,2025-04,6099
Hyderabad,2025-05,6585
Hyderabad,2025-06,6193
Hyderabad,2025-07,5787
Hyderabad,2025-08,5872
Hyderabad,2025-09,5806
Hyderabad,2025-10,7767
Hyderabad,2025-11,7395
Hyderabad,2025-12,8127
Hyderabad,2026-01,8525
Hyderabad,2026-02,8435
Hyderabad,2026-03,11114
Hyderabad,2026-04,11846
Hyderabad,2026-05,11325
Indore,2025-02,3158
Indore,2025-03,3607
Indore,2025-04,3748
Indore,2025-05,4872
Indore,2025-06,5699
Indore,2025-07,5784
Indore,2025-08,5615
Indore,2025-09,5228
Indore,2025-10,5420
Indore,2025-11,4972
Indore,2025-12,6121
Indore,2026-01,6934
Indore,2026-02,6216
Indore,2026-03,6518
Indore,2026-04,6339
Indore,2026-05,7383
Jabalpur,2025-02,226
Jabalpur,2025-03,305
Jabalpur,2025-04,286
Jabalpur,2025-05,434
Jabalpur,2025-06,390
Jabalpur,2025-07,395
Jabalpur,2025-08,325
Jabalpur,2025-09,277
Jabalpur,2025-10,299
Jabalpur,2025-11,295
Jabalpur,2025-12,469
Jabalpur,2026-01,607
Jabalpur,2026-02,425
Jabalpur,2026-03,370
Jabalpur,2026-04,495
Jabalpur,2026-05,860
Jaipur,2025-02,3659
Jaipur,2025-03,3962
Jaipur,2025-04,3856
Jaipur,2025-05,4324
Jaipur,2025-06,4669
Jaipur,2025-07,4829
Jaipur,2025-08,5107
Jaipur,2025-09,5247
Jaipur,2025-10,5198
Jaipur,2025-11,5545
Jaipur,2025-12,6699
Jaipur,2026-01,7838
Jaipur,2026-02,7203
Jaipur,2026-03,8310
Jaipur,2026-04,8060
Jaipur,2026-05,8924
Jakkur,2025-02,801
Jakkur,2025-03,731
Jakkur,2025-04,683
Jakkur,2025-05,732
Jakkur,2025-06,548
Jakkur,2025-07,633
Jakkur,2025-08,897
Jakkur,2025-09,739
Jakkur,2025-10,828
Jakkur,2025-11,654
Jakkur,2025-12,637
Jakkur,2026-01,1240
Jakkur,2026-02,1255
Jakkur,2026-03,1362
Jakkur,2026-04,1301
Jakkur,2026-05,1460
Jalandhar,2025-02,95
Jalandhar,2025-03,57
Jalandhar,2025-04,73
Jalandhar,2025-06,100
Jalandhar,2025-07,128
Jalandhar,2025-08,126
Jalandhar,2025-09,133
Jalandhar,2025-10,136
Jalandhar,2025-11,111
Jalandhar,2025-12,148
Jalandhar,2026-02,118
Jalandhar,2026-03,108
Jalandhar,2026-04,349
Jalandhar,2026-05,134
Jammu,2025-07,183
Jammu,2025-08,177
Jammu,2025-09,160
Jammu,2025-10,158
Jammu,2025-11,179
Jammu,2025-12,235
Jammu,2026-01,236
Jammu,2026-02,256
Jammu,2026-03,242
Jammu,2026-04,416
Jammu,2026-05,334
Jamnagar,2025-02,139
Jamnagar,2025-03,204
Jamnagar,2025-04,201
Jamnagar,2025-06,241
Jamnagar,2025-07,234
Jamnagar,2025-11,196
Jamnagar,2025-12,246
Jamnagar,2026-01,234
Jamnagar,2026-02,222
Jamnagar,2026-03,224
Jamnagar,2026-04,165
Jamshedpur,2025-02,141
Jamshedpur,2025-03,208
Jamshedpur,2025-05,188
Jamshedpur,2025-06,161
Jamshedpur,2025-07,294
Jamshedpur,2025-08,212
Jamshedpur,2025-09,198
Jamshedpur,2025-10,193
Jamshedpur,2025-11,129
Jamshedpur,2025-12,183
Jamshedpur,2026-01,202
Jamshedpur,2026-02,135
Jamshedpur,2026-03,116
Jamshedpur,2026-04,281
Jamshedpur,2026-05,281
Jodhpur,2025-02,261
Jodhpur,2025-03,283
Jodhpur,2025-04,300
Jodhpur,2025-05,415
Jodhpur,2025-06,486
Jodhpur,2025-07,625
Jodhpur,2025-08,361
Jodhpur,2025-09,352
Jodhpur,2025-10,299
Jodhpur,2025-11,278
Jodhpur,2025-12,285
Jodhpur,2026-01,275
Jodhpur,2026-02,342
Jodhpur,2026-03,455
Jodhpur,2026-04,299
Jodhpur,2026-05,318
Kakkanad,2025-02,383
Kakkanad,2025-03,378
Kakkanad,2025-04,466
Kakkanad,2025-05,362
Kakkanad,2025-06,275
Kakkanad,2025-07,303
Kakkanad,2025-09,594
Kakkanad,2025-10,743
Kakkanad,2025-11,663
Kakkanad,2025-12,360
Kakkanad,2026-01,620
Kakkanad,2026-02,470
Kakkanad,2026-03,366
Kakkanad,2026-04,332
Kakkanad,2026-05,337
Kanpur,2025-02,502
Kanpur,2025-03,607
Kanpur,2025-04,703
Kanpur,2025-05,768
Kanpur,2025-06,635
Kanpur,2025-07,627
Kanpur,2025-08,662
Kanpur,2025-09,674
Kanpur,2025-10,612
Kanpur,2025-11,662
Kanpur,2025-12,901
Kanpur,2026-01,1105
Kanpur,2026-02,1093
Kanpur,2026-03,1196
Kanpur,2026-04,999
Kanpur,2026-05,1240
Karimnagar,2025-06,60
Karnal,2025-07,128
Karnal,2025-09,108
Karnal,2026-04,81
Kerala,2025-02,200
Kerala,2025-03,144
Kerala,2025-04,176
Kerala,2025-05,158
Kerala,2025-06,168
Kerala,2025-07,202
Kerala,2025-08,158
Kerala,2025-09,172
Kerala,2025-10,205
Kerala,2025-11,225
Kerala,2025-12,181
Kerala,2026-01,252
Kerala,2026-02,354
Kerala,2026-03,214
Kerala,2026-04,203
Kerala,2026-05,238
Kochi,2025-02,2439
Kochi,2025-03,2673
Kochi,2025-04,2929
Kochi,2025-05,3130
Kochi,2025-06,2832
Kochi,2025-07,2635
Kochi,2025-08,2519
Kochi,2025-09,2420
Kochi,2025-10,2777
Kochi,2025-11,2440
Kochi,2025-12,2673
Kochi,2026-01,3255
Kochi,2026-02,2886
Kochi,2026-03,3424
Kochi,2026-04,3600
Kochi,2026-05,3459
Kolhapur,2025-02,208
Kolhapur,2025-03,235
Kolhapur,2025-04,192
Kolhapur,2025-05,241
Kolhapur,2025-06,260
Kolhapur,2025-07,248
Kolhapur,2025-08,181
Kolhapur,2025-09,186
Kolhapur,2025-10,286
Kolhapur,2025-11,199
Kolhapur,2025-12,221
Kolhapur,2026-01,164
Kolhapur,2026-02,250
Kolhapur,2026-03,298
Kolhapur,2026-04,426
Kolhapur,2026-05,497
Kolkata,2025-02,1973
Kolkata,2025-03,2583
Kolkata,2025-04,2463
Kolkata,2025-05,3351
Kolkata,2025-06,3145
Kolkata,2025-07,3087
Kolkata,2025-08,2874
Kolkata,2025-09,2805
Kolkata,2025-10,3412
Kolkata,2025-11,2678
Kolkata,2025-12,3166
Kolkata,2026-01,3990
Kolkata,2026-02,4361
Kolkata,2026-03,5528
Kolkata,2026-04,5396
Kolkata,2026-05,4838
Kompally,2025-02,634
Kompally,2025-03,626
Kompally,2025-04,906
Kompally,2025-05,1131
Kompally,2025-06,1264
Kompally,2025-07,1382
Kompally,2025-08,1526
Kompally,2025-09,1152
Kompally,2025-10,1302
Kompally,2025-11,1425
Kompally,2025-12,1489
Kompally,2026-01,1815
Kompally,2026-02,1722
Kompally,2026-03,1954
Kompally,2026-04,2148
Kompally,2026-05,2154
Kota,2025-03,128
Kota,2025-04,118
Kota,2025-06,142
Kota,2025-08,147
Kota,2026-02,149
Kota,2026-05,188
Lucknow,2025-02,3787
Lucknow,2025-03,4165
Lucknow,2025-04,4654
Lucknow,2025-05,5288
Lucknow,2025-06,5150
Lucknow,2025-07,5734
Lucknow,2025-08,5939
Lucknow,2025-09,5645
Lucknow,2025-10,6074
Lucknow,2025-11,6255
Lucknow,2025-12,8735
Lucknow,2026-01,9763
Lucknow,2026-02,9115
Lucknow,2026-03,9696
Lucknow,2026-04,10066
Lucknow,2026-05,11195
Ludhiana,2025-02,465
Ludhiana,2025-03,545
Ludhiana,2025-04,415
Ludhiana,2025-05,486
Ludhiana,2025-06,466
Ludhiana,2025-07,419
Ludhiana,2025-08,457
Ludhiana,2025-09,482
Ludhiana,2025-10,464
Ludhiana,2025-11,673
Ludhiana,2025-12,902
Ludhiana,2026-01,930
Ludhiana,2026-02,978
Ludhiana,2026-03,1188
Ludhiana,2026-04,1209
Ludhiana,2026-05,1221
Madurai,2025-02,287
Madurai,2025-03,342
Madurai,2025-04,379
Madurai,2025-05,420
Madurai,2025-06,357
Madurai,2025-07,456
Madurai,2025-08,402
Madurai,2025-09,278
Madurai,2025-10,428
Madurai,2025-11,398
Madurai,2025-12,286
Madurai,2026-01,423
Madurai,2026-02,324
Madurai,2026-03,293
Madurai,2026-04,370
Madurai,2026-05,453
Maharashtra,2026-02,108
Maharashtra,2026-03,51
Maharashtra,2026-04,87
Maharashtra,2026-05,209
Mangalore,2025-02,127
Mangalore,2025-03,171
Mangalore,2025-04,156
Mangalore,2025-05,223
Mangalore,2025-06,242
Mangalore,2025-07,170
Mangalore,2025-08,182
Mangalore,2025-09,228
Mangalore,2025-10,267
Mangalore,2025-12,328
Mangalore,2026-01,307
Mangalore,2026-02,200
Mangalore,2026-03,301
Mangalore,2026-04,200
Mangalore,2026-05,252
Mathura,2025-07,59
Meerut,2025-02,329
Meerut,2025-03,394
Meerut,2025-04,541
Meerut,2025-05,529
Meerut,2025-06,503
Meerut,2025-07,482
Meerut,2025-08,388
Meerut,2025-09,299
Meerut,2025-10,309
Meerut,2025-11,328
Meerut,2025-12,488
Meerut,2026-01,418
Meerut,2026-02,354
Meerut,2026-03,348
Meerut,2026-04,407
Meerut,2026-05,349
Mehsana,2025-07,189
Mehsana,2025-09,150
Mehsana,2025-10,190
Mehsana,2025-11,137
Mohali,2025-02,234
Mohali,2025-03,411
Mohali,2025-04,458
Mohali,2025-05,443
Mohali,2025-06,472
Mohali,2025-07,359
Mohali,2025-08,573
Mohali,2025-09,424
Mohali,2025-10,398
Mohali,2025-11,429
Mohali,2025-12,609
Mohali,2026-01,951
Mohali,2026-02,1061
Mohali,2026-03,1120
Mohali,2026-04,993
Mohali,2026-05,1212
Moradabad,2025-02,150
Moradabad,2025-03,137
Moradabad,2025-04,141
Moradabad,2025-05,137
Moradabad,2025-06,143
Moradabad,2025-07,141
Moradabad,2025-08,147
Moradabad,2025-09,115
Moradabad,2025-10,131
Moradabad,2025-11,63
Moradabad,2026-05,155
Mumbai,2025-02,4312
Mumbai,2025-03,5386
Mumbai,2025-04,5116
Mumbai,2025-05,5426
Mumbai,2025-06,5605
Mumbai,2025-07,6203
Mumbai,2025-08,5804
Mumbai,2025-09,6478
Mumbai,2025-10,7286
Mumbai,2025-11,6885
Mumbai,2025-12,7683
Mumbai,2026-01,8232
Mumbai,2026-02,8369
Mumbai,2026-03,11319
Mumbai,2026-04,12244
Mumbai,2026-05,11810
Muzaffarpur,2025-09,49
Muzaffarpur,2025-11,77
Muzaffarpur,2025-12,164
Muzaffarpur,2026-01,136
Muzaffarpur,2026-02,106
Muzaffarpur,2026-03,93
Muzaffarpur,2026-04,62
Mysore,2025-02,1122
Mysore,2025-03,1435
Mysore,2025-04,1087
Mysore,2025-05,1110
Mysore,2025-06,1032
Mysore,2025-07,1032
Mysore,2025-08,951
Mysore,2025-09,803
Mysore,2025-10,876
Mysore,2025-11,780
Mysore,2025-12,960
Mysore,2026-01,1072
Mysore,2026-02,874
Mysore,2026-03,1282
Mysore,2026-04,1265
Mysore,2026-05,1266
Nagpur,2025-02,3009
Nagpur,2025-03,3705
Nagpur,2025-04,3868
Nagpur,2025-05,4821
Nagpur,2025-06,4914
Nagpur,2025-07,5181
Nagpur,2025-08,4318
Nagpur,2025-09,4639
Nagpur,2025-10,5372
Nagpur,2025-11,5090
Nagpur,2025-12,5279
Nagpur,2026-01,5272
Nagpur,2026-02,4853
Nagpur,2026-03,5102
Nagpur,2026-04,5666
Nagpur,2026-05,6555
Nanded,2025-07,76
Nanded,2025-08,65
Nanded,2025-09,83
Nanded,2025-10,122
Nanded,2025-11,113
Nanded,2025-12,111
Nanded,2026-05,54
Naroda,2025-02,813
Naroda,2025-03,724
Naroda,2025-04,517
Naroda,2025-05,580
Naroda,2025-06,585
Naroda,2025-07,747
Naroda,2025-08,937
Naroda,2025-09,797
Naroda,2025-10,1112
Naroda,2025-11,1368
Naroda,2025-12,1100
Naroda,2026-01,1127
Naroda,2026-02,753
Naroda,2026-03,999
Naroda,2026-04,787
Naroda,2026-05,766
Nashik,2025-02,787
Nashik,2025-03,1153
Nashik,2025-04,1081
Nashik,2025-05,1352
Nashik,2025-06,1259
Nashik,2025-07,1474
Nashik,2025-08,1268
Nashik,2025-09,1368
Nashik,2025-10,1381
Nashik,2025-11,1129
Nashik,2025-12,1195
Nashik,2026-01,1273
Nashik,2026-02,1307
Nashik,2026-03,1439
Nashik,2026-04,1724
Nashik,2026-05,2159
Navi Mumbai,2025-02,247
Navi Mumbai,2025-03,332
Navi Mumbai,2025-04,416
Navi Mumbai,2025-05,358
Navi Mumbai,2025-06,499
Navi Mumbai,2025-07,300
Navi Mumbai,2025-08,259
Navi Mumbai,2025-09,245
Navi Mumbai,2025-10,320
Navi Mumbai,2025-11,219
Navi Mumbai,2025-12,237
Navi Mumbai,2026-01,170
Navi Mumbai,2026-02,194
Navi Mumbai,2026-03,266
Navi Mumbai,2026-04,309
Navi Mumbai,2026-05,512
Nellore,2025-04,104
Nellore,2025-07,94
Noida,2025-02,1228
Noida,2025-03,1543
Noida,2025-04,1638
Noida,2025-05,1836
Noida,2025-06,1980
Noida,2025-07,2128
Noida,2025-08,2043
Noida,2025-09,1703
Noida,2025-10,1678
Noida,2025-11,1916
Noida,2025-12,2272
Noida,2026-01,3058
Noida,2026-02,2869
Noida,2026-03,3379
Noida,2026-04,3258
Noida,2026-05,3596
Office,2025-02,275
Panipat,2025-02,81
Patna,2025-02,3275
Patna,2025-03,3914
Patna,2025-04,4252
Patna,2025-05,4890
Patna,2025-06,4826
Patna,2025-07,4956
Patna,2025-08,5180
Patna,2025-09,4678
Patna,2025-10,5197
Patna,2025-11,5305
Patna,2025-12,6406
Patna,2026-01,7009
Patna,2026-02,6208
Patna,2026-03,6886
Patna,2026-04,6986
Patna,2026-05,8225
Pondicherry,2025-02,98
Pondicherry,2025-03,134
Pondicherry,2025-04,192
Pondicherry,2025-05,130
Pondicherry,2025-06,125
Pondicherry,2025-07,112
Pondicherry,2025-08,81
Pondicherry,2025-09,79
Pondicherry,2025-10,166
Pondicherry,2025-11,163
Pondicherry,2025-12,116
Pondicherry,2026-01,84
Pondicherry,2026-02,90
Pondicherry,2026-03,72
Pondicherry,2026-04,111
Pondicherry,2026-05,96
Prayagraj,2026-01,66
Prayagraj,2026-02,83
Prayagraj,2026-03,93
Pune,2025-02,7817
Pune,2025-03,9910
Pune,2025-04,9551
Pune,2025-05,10958
Pune,2025-06,10366
Pune,2025-07,11391
Pune,2025-08,11211
Pune,2025-09,11678
Pune,2025-10,12482
Pune,2025-11,12404
Pune,2025-12,14651
Pune,2026-01,15866
Pune,2026-02,15414
Pune,2026-03,18993
Pune,2026-04,21380
Pune,2026-05,22277
Punjab,2025-07,125
Punjab,2025-12,110
Punjab,2026-01,106
Punjab,2026-02,91
Punjab,2026-03,88
Punjab,2026-04,63
Purnia,2026-03,88
Purnia,2026-04,105
Raipur,2025-02,373
Raipur,2025-03,290
Raipur,2025-04,341
Raipur,2025-05,582
Raipur,2025-06,631
Raipur,2025-07,656
Raipur,2025-08,561
Raipur,2025-09,445
Raipur,2025-10,522
Raipur,2025-11,469
Raipur,2025-12,761
Raipur,2026-01,1045
Raipur,2026-02,904
Raipur,2026-03,1022
Raipur,2026-04,1154
Raipur,2026-05,1040
Rajahmundry,2025-12,137
Rajkot,2025-02,2234
Rajkot,2025-03,2653
Rajkot,2025-04,2207
Rajkot,2025-05,2406
Rajkot,2025-06,2489
Rajkot,2025-07,2872
Rajkot,2025-08,2642
Rajkot,2025-09,2609
Rajkot,2025-10,2633
Rajkot,2025-11,2753
Rajkot,2025-12,2995
Rajkot,2026-01,3006
Rajkot,2026-02,2763
Rajkot,2026-03,2904
Rajkot,2026-04,2382
Rajkot,2026-05,2417
Rajouri Garden,2025-10,261
Rajouri Garden,2025-11,256
Rajouri Garden,2025-12,273
Rajouri Garden,2026-04,307
Ranchi,2025-02,497
Ranchi,2025-03,494
Ranchi,2025-04,614
Ranchi,2025-05,774
Ranchi,2025-06,802
Ranchi,2025-07,1010
Ranchi,2025-08,781
Ranchi,2025-09,759
Ranchi,2025-10,792
Ranchi,2025-11,847
Ranchi,2025-12,770
Ranchi,2026-01,1114
Ranchi,2026-02,872
Ranchi,2026-03,1076
Ranchi,2026-04,899
Ranchi,2026-05,1293
Rohtak,2025-02,226
Rohtak,2025-03,265
Rohtak,2025-04,245
Rohtak,2025-05,329
Rohtak,2025-06,306
Rohtak,2025-07,257
Rohtak,2025-08,193
Rohtak,2025-09,143
Rohtak,2025-10,106
Rohtak,2026-05,160
S.G. Highway,2026-04,87
Salem,2025-02,139
Salem,2025-03,143
Salem,2025-04,180
Salem,2025-05,205
Salem,2025-06,186
Salem,2025-07,199
Salem,2025-08,158
Salem,2025-09,167
Salem,2025-10,260
Salem,2025-11,251
Salem,2025-12,274
Salem,2026-01,282
Salem,2026-02,297
Salem,2026-03,250
Salem,2026-04,231
Salem,2026-05,367
Sholinganallur,2026-03,375
Sholinganallur,2026-04,391
Showroom,2025-11,428
Showroom,2025-12,670
Showroom,2026-04,486
Showroom,2026-05,669
Siliguri,2025-08,104
Siliguri,2025-10,151
Siliguri,2025-11,117
Siliguri,2025-12,137
Siliguri,2026-01,147
Siliguri,2026-02,180
Siliguri,2026-03,211
Siliguri,2026-04,169
Siliguri,2026-05,260
Solapur,2025-07,118
Solapur,2025-08,108
Solapur,2025-10,109
Surat,2025-02,3558
Surat,2025-03,4422
Surat,2025-04,4372
Surat,2025-05,4928
Surat,2025-06,4826
Surat,2025-07,5506
Surat,2025-08,4976
Surat,2025-09,5374
Surat,2025-10,6361
Surat,2025-11,6272
Surat,2025-12,6770
Surat,2026-01,6207
Surat,2026-02,6027
Surat,2026-03,7832
Surat,2026-04,7808
Surat,2026-05,7882
Tathawade,2025-02,451
Tathawade,2025-03,418
Tathawade,2025-04,565
Tathawade,2025-05,770
Tathawade,2025-06,839
Tathawade,2025-07,836
Tathawade,2025-08,866
Tathawade,2025-09,757
Tathawade,2025-10,778
Tathawade,2025-11,1205
Tathawade,2025-12,1286
Tathawade,2026-01,1133
Tathawade,2026-02,1088
Tathawade,2026-03,979
Tathawade,2026-04,874
Tathawade,2026-05,1273
Thane,2025-02,236
Thane,2025-03,375
Thane,2025-04,354
Thane,2025-05,296
Thane,2025-06,395
Thane,2025-07,324
Thane,2025-08,290
Thane,2025-09,358
Thane,2025-10,391
Thane,2025-11,431
Thane,2025-12,432
Thane,2026-01,388
Thane,2026-02,529
Thane,2026-03,1023
Thane,2026-04,1184
Thane,2026-05,1282
Thiruverkadu,2025-02,406
Thiruverkadu,2025-03,536
Thiruverkadu,2025-04,417
Thiruverkadu,2025-05,588
Thiruverkadu,2025-06,543
Thiruverkadu,2025-07,671
Thiruverkadu,2025-08,909
Thiruverkadu,2025-09,660
Thiruverkadu,2025-10,757
Thiruverkadu,2025-11,798
Thiruverkadu,2025-12,681
Thiruverkadu,2026-01,836
Thiruverkadu,2026-02,873
Thiruverkadu,2026-03,1106
Thiruverkadu,2026-04,768
Thiruverkadu,2026-05,997
Thrissur,2025-02,128
Thrissur,2026-01,207
Thrissur,2026-02,102
Tirunelveli,2026-05,87
Tirupati,2025-03,139
Tirupati,2025-04,147
Tirupati,2025-05,118
Tirupati,2025-06,192
Tirupati,2025-07,171
Tirupati,2025-08,136
Tirupati,2025-09,126
Tirupati,2025-10,276
Tirupati,2025-11,156
Tirupati,2025-12,231
Tirupati,2026-01,123
Tirupati,2026-02,112
Tirupati,2026-03,258
Tirupati,2026-05,87
Tirupur,2025-02,63
Tirupur,2025-04,99
Tirupur,2025-06,110
Tirupur,2025-11,132
Trichy,2025-02,190
Trichy,2025-03,249
Trichy,2025-04,201
Trichy,2025-05,243
Trichy,2025-06,245
Trichy,2025-07,243
Trichy,2025-08,191
Trichy,2025-09,225
Trichy,2025-10,255
Trichy,2025-11,242
Trichy,2025-12,259
Trichy,2026-01,263
Trichy,2026-02,155
Trichy,2026-03,187
Trichy,2026-04,195
Trichy,2026-05,246
Trivandrum,2025-02,338
Trivandrum,2025-03,381
Trivandrum,2025-04,480
Trivandrum,2025-05,385
Trivandrum,2025-06,303
Trivandrum,2025-07,269
Trivandrum,2025-08,219
Trivandrum,2025-09,267
Trivandrum,2025-10,295
Trivandrum,2025-11,253
Trivandrum,2025-12,233
Trivandrum,2026-01,280
Trivandrum,2026-02,191
Trivandrum,2026-03,163
Trivandrum,2026-04,171
Trivandrum,2026-05,195
Udaipur,2025-02,243
Udaipur,2025-03,273
Udaipur,2025-04,275
Udaipur,2025-05,516
Udaipur,2025-06,402
Udaipur,2025-07,474
Udaipur,2025-08,484
Udaipur,2025-09,343
Udaipur,2025-10,352
Udaipur,2025-11,309
Udaipur,2025-12,351
Udaipur,2026-01,266
Udaipur,2026-02,264
Udaipur,2026-03,335
Udaipur,2026-04,331
Udaipur,2026-05,381
Under Lakhs,2025-02,68
Under Lakhs,2025-03,95
Under Lakhs,2025-04,81
Under Lakhs,2025-05,97
Under Lakhs,2025-06,111
Vadodara,2025-02,1972
Vadodara,2025-03,2631
Vadodara,2025-04,2621
Vadodara,2025-05,2809
Vadodara,2025-06,3171
Vadodara,2025-07,3981
Vadodara,2025-08,3573
Vadodara,2025-09,2954
Vadodara,2025-10,3858
Vadodara,2025-11,4440
Vadodara,2025-12,4833
Vadodara,2026-01,4490
Vadodara,2026-02,4291
Vadodara,2026-03,4965
Vadodara,2026-04,5146
Vadodara,2026-05,5394
Varanasi,2025-02,114
Varanasi,2025-05,165
Varanasi,2025-06,189
Varanasi,2025-07,132
Varanasi,2025-08,151
Varanasi,2025-09,145
Varanasi,2025-10,162
Varanasi,2025-11,111
Varanasi,2025-12,155
Varanasi,2026-01,192
Varanasi,2026-02,310
Varanasi,2026-03,225
Varanasi,2026-04,259
Varanasi,2026-05,405
Vellore,2025-04,118
Vellore,2025-07,127
Vellore,2026-01,132
Vellore,2026-05,95
Vijayawada,2025-02,477
Vijayawada,2025-03,487
Vijayawada,2025-04,470
Vijayawada,2025-05,547
Vijayawada,2025-06,494
Vijayawada,2025-07,446
Vijayawada,2025-08,458
Vijayawada,2025-09,369
Vijayawada,2025-10,330
Vijayawada,2025-11,242
Vijayawada,2025-12,413
Vijayawada,2026-01,543
Vijayawada,2026-02,515
Vijayawada,2026-03,706
Vijayawada,2026-04,598
Vijayawada,2026-05,612
Visakhapatnam,2025-05,138
Visakhapatnam,2025-06,71
Vizag,2025-02,227
Vizag,2025-03,227
Vizag,2025-04,148
Vizag,2025-05,247
Vizag,2025-06,218
Vizag,2025-07,254
Vizag,2025-08,316
Vizag,2025-09,272
Vizag,2025-10,418
Vizag,2025-11,320
Vizag,2025-12,303
Vizag,2026-01,316
Vizag,2026-02,348
Vizag,2026-03,465
Vizag,2026-04,468
Vizag,2026-05,455
